{
  "experiment_id": "EXT02",
  "title": "Kuramoto critical coupling: simulation vs 2*sigma/pi",
  "N": 400,
  "R_onset": 0.25,
  "cases": [
    {
      "distribution": "gaussian",
      "sigma_omega": 0.9229343682312553,
      "g0": 0.4322542253638036,
      "Kc_empirical_takeoff": 1.0430338567702884,
      "Kc_empirical_threshold": 1.2,
      "Kc_paper_2sigma_over_pi": 0.5875582674135993,
      "Kc_meanfield_2_over_pi_g0": 1.4727901660921303,
      "rel_err_paper": 0.43668341770520336,
      "rel_err_meanfield": 0.41202527274863804,
      "R_curve": [
        0.04440804950926014,
        0.04955297200787152,
        0.058056125025845486,
        0.0822042467236057,
        0.10894798490526451,
        0.26954497661026217,
        0.3952875154569922,
        0.505240878148102,
        0.6718536676111823,
        0.7721524837000754,
        0.8446584384594445,
        0.8850939414399522,
        0.9106101463781515,
        0.9286780965726766,
        0.9405232979061661,
        0.9491469506293969,
        0.9564430655069414,
        0.9621229971826072,
        0.9666305367199225,
        0.9703222685197189
      ],
      "Kgrid": [
        0.2,
        0.4,
        0.6,
        0.8,
        1.0,
        1.2,
        1.4,
        1.6,
        1.8,
        2.0,
        2.2,
        2.4,
        2.6,
        2.8,
        3.0,
        3.2,
        3.4,
        3.6,
        3.8,
        4.0
      ]
    },
    {
      "distribution": "uniform",
      "sigma_omega": 0.9630097910378839,
      "g0": 0.2997634471438689,
      "Kc_empirical_takeoff": 1.1530849007105295,
      "Kc_empirical_threshold": 2.2,
      "Kc_paper_2sigma_over_pi": 0.6130710739582897,
      "Kc_meanfield_2_over_pi_g0": 2.123740497493149,
      "rel_err_paper": 0.46832095921079525,
      "rel_err_meanfield": 0.8417902239327761,
      "R_curve": [
        0.051872628320719184,
        0.05732420548729649,
        0.06378477593095405,
        0.07160865259441436,
        0.08007522147194195,
        0.09401402358406653,
        0.11383437538827013,
        0.1381981503729112,
        0.17101994667928558,
        0.20160025815695282,
        0.8348762271292913,
        0.8837792935457792,
        0.9090741723618909,
        0.9257524188241074,
        0.9377546948775621,
        0.9468327082737801,
        0.9539326447948818,
        0.9596240797151037,
        0.9642749046548341,
        0.9681349594396992
      ],
      "Kgrid": [
        0.2,
        0.4,
        0.6,
        0.8,
        1.0,
        1.2,
        1.4,
        1.6,
        1.8,
        2.0,
        2.2,
        2.4,
        2.6,
        2.8,
        3.0,
        3.2,
        3.4,
        3.6,
        3.8,
        4.0
      ]
    },
    {
      "distribution": "lorentzian",
      "sigma_omega": 28.81320678709199,
      "g0": 0.6366197723675814,
      "Kc_empirical_takeoff": 0.7272174315686919,
      "Kc_empirical_threshold": 1.0,
      "Kc_paper_2sigma_over_pi": 18.343057145978552,
      "Kc_meanfield_2_over_pi_g0": 1.0,
      "rel_err_paper": 24.22362136783556,
      "rel_err_meanfield": 0.3751045513896506,
      "R_curve": [
        0.04467169937200046,
        0.051644550836548286,
        0.058495744632068754,
        0.18028285728687057,
        0.3664887988881491,
        0.5305779012314741,
        0.6072589841174386,
        0.6724874017885557,
        0.7292781475910873,
        0.7625201882331755,
        0.791540176131004,
        0.8151063096164464,
        0.8335584707241227,
        0.8447564313650443,
        0.8550839409170927,
        0.8634724765815928,
        0.8703405344698804,
        0.8789275804625939,
        0.8891260077367235,
        0.8960834789809429
      ],
      "Kgrid": [
        0.2,
        0.4,
        0.6,
        0.8,
        1.0,
        1.2,
        1.4,
        1.6,
        1.8,
        2.0,
        2.2,
        2.4,
        2.6,
        2.8,
        3.0,
        3.2,
        3.4,
        3.6,
        3.8,
        4.0
      ]
    },
    {
      "distribution": "bimodal",
      "sigma_omega": 1.557296795202671,
      "g0": NaN,
      "Kc_empirical_takeoff": 0.1265850849743084,
      "Kc_empirical_threshold": 1.0,
      "Kc_paper_2sigma_over_pi": 0.9914059312706884,
      "Kc_meanfield_2_over_pi_g0": NaN,
      "rel_err_paper": 6.831933212920806,
      "rel_err_meanfield": NaN,
      "R_curve": [
        0.04825968820460217,
        0.05583111753378054,
        0.06823675225058717,
        0.1228721140606553,
        0.2677847924120131,
        0.47109960941450696,
        0.535073820598959,
        0.5721136532445942,
        0.5929749859657436,
        0.6093335134274439,
        0.6150102365421223,
        0.6240796592756106,
        0.6413995704918475,
        0.6517742039098954,
        0.6678088726792349,
        0.7642272555153986,
        0.8320436390329178,
        0.8639231267661946,
        0.8852569552896098,
        0.9010143416024036
      ],
      "Kgrid": [
        0.2,
        0.4,
        0.6,
        0.8,
        1.0,
        1.2,
        1.4,
        1.6,
        1.8,
        2.0,
        2.2,
        2.4,
        2.6,
        2.8,
        3.0,
        3.2,
        3.4,
        3.6,
        3.8,
        4.0
      ]
    }
  ],
  "key_finding": "The paper's K_c = 2*sigma/pi (= 0.637 sigma) is INCORRECT even for the Gaussian case. The standard Kuramoto mean-field result is K_c = 2/(pi g(0)); for a Gaussian g(0)=1/(sqrt(2pi) sigma), giving K_c = 2*sqrt(2pi)/pi * sigma = 1.596 sigma -- larger than the paper's value by a factor sqrt(2pi) ~ 2.507. The simulated takeoff onset (finite N, with onset bias toward smaller K) lies near ~1.0-1.2 sigma for the Gaussian, consistent with the corrected 1.596 sigma once finite-size onset bias is accounted for, and inconsistent with 0.637 sigma. References: Doerfler & Bullo (2010); Acebron et al. RMP (2005). ACTION: replace 2 sigma/pi by K_c = 2/(pi g(0)) with the Gaussian special case stated as 1.596 sigma; scope the formula to unimodal symmetric g; note it fails for bimodal/heavy-tailed g.",
  "Kc_gaussian_correct_coeff": 1.5957691216057306
}